District Name,District Population,Residential Energy Consumption (MU/year),Residential Energy Consumption (kWh/year),Per Capita Energy Consumption (kWh/year),Source of Energy,Carbon Emission Factor (kg CO2/kWh),Carbon Emissions (kg CO2/year),Carbon Emissions (tons CO2/year),Population Density (per sq. km),Category,Sub-District,Sub-District Population,Emission Limit (kg CO2/year),Emission Limit (kg CO2/month),Low_Threshold,Moderate_Threshold,High_Threshold
Ariyalur,755000,99.92,99920000,132.43,CONVENTIONAL,0.75284,75210892.8,75210.89,389,Rural,Sendurai,111891,5120.60216,426.7168467,213.35842335,384.04516203000003,426.7168467
Ariyalur,755000,99.92,99920000,132.43,CONVENTIONAL,0.75284,75210892.8,75210.89,389,Rural,Udayarpalayam,387194,17719.62386,1476.635322,738.317661,1328.9717898000001,1476.635322
Ariyalur,755000,99.92,99920000,132.43,CONVENTIONAL,0.75284,75210892.8,75210.89,389,Rural,Ariyalur,255809,11706.89437,975.5745308,487.7872654,878.0170777200001,975.5745308
Chennai,4647000,623.24,623240000,134.05,CONVENTIONAL,0.75284,469110041.6,469110.04,26553,Urban,Kodungaiyur (West),76760,3512.860032,292.738336,146.369168,263.4645024,292.738336
Chennai,4647000,623.24,623240000,134.05,CONVENTIONAL,0.75284,469110041.6,469110.04,26553,Urban,Kodungaiyur (East),66897,3061.487722,255.1239768,127.5619884,229.61157912000002,255.1239768
Chennai,4647000,623.24,623240000,134.05,CONVENTIONAL,0.75284,469110041.6,469110.04,26553,Urban,Dr.Radhakrishnan Nagar (North),52995,2425.273806,202.1061505,101.05307525,181.89553545,202.1061505
Chennai,4647000,623.24,623240000,134.05,CONVENTIONAL,0.75284,469110041.6,469110.04,26553,Urban,Cherian Nagar (North),15186,694.9751491,57.91459576,28.95729788,52.123136183999996,57.91459576
Chennai,4647000,623.24,623240000,134.05,CONVENTIONAL,0.75284,469110041.6,469110.04,26553,Urban,Jeeva Nagar (North),45204,2068.72492,172.3937433,86.19687165,155.15436897,172.3937433
Chennai,4647000,623.24,623240000,134.05,CONVENTIONAL,0.75284,469110041.6,469110.04,26553,Urban,Cherian Nagar (South),19523,893.4544867,74.45454056,37.22727028,67.009086504,74.45454056
Chennai,4647000,623.24,623240000,134.05,CONVENTIONAL,0.75284,469110041.6,469110.04,26553,Urban,Jeeva Nagar (South),22161,1014.180448,84.51503733,42.257518665,76.063533597,84.51503733
Chennai,4647000,623.24,623240000,134.05,CONVENTIONAL,0.75284,469110041.6,469110.04,26553,Urban,Korukupet,33039,1512.003421,126.0002851,63.00014255,113.40025659,126.0002851
Chennai,4647000,623.24,623240000,134.05,CONVENTIONAL,0.75284,469110041.6,469110.04,26553,Urban,Mottai Thottam,20306,929.2878557,77.44065464,38.72032732,69.696589176,77.44065464
Chennai,4647000,623.24,623240000,134.05,CONVENTIONAL,0.75284,469110041.6,469110.04,26553,Urban,Kumaraswamy Nagar (South),44747,2047.810681,170.6508901,85.32544505,153.58580109,170.6508901
Chennai,4647000,623.24,623240000,134.05,CONVENTIONAL,0.75284,469110041.6,469110.04,26553,Urban,Dr.Radhakrishnan Nagar (South),33287,1523.352943,126.9460786,63.4730393,114.25147074,126.9460786
Chennai,4647000,623.24,623240000,134.05,CONVENTIONAL,0.75284,469110041.6,469110.04,26553,Urban,Kumaraswamy Nagar (North),16254,743.8513152,61.9876096,30.9938048,55.78884864,61.9876096
Chennai,4647000,623.24,623240000,134.05,CONVENTIONAL,0.75284,469110041.6,469110.04,26553,Urban,Dr. Vijayaraghavalu Nagar,21829,998.9867331,83.24889443,41.624447215,74.924004987,83.24889443
Chennai,4647000,623.24,623240000,134.05,CONVENTIONAL,0.75284,469110041.6,469110.04,26553,Urban,Tondiarpet,35130,1607.696364,133.974697,66.9873485,120.57722729999999,133.974697
Chennai,4647000,623.24,623240000,134.05,CONVENTIONAL,0.75284,469110041.6,469110.04,26553,Urban,Sanjeevarayanpet,19952,913.0873287,76.09061072,38.04530536,68.481549648,76.09061072
Chennai,4647000,623.24,623240000,134.05,CONVENTIONAL,0.75284,469110041.6,469110.04,26553,Urban,Grace Garden,22947,1050.151109,87.51259242,43.75629621,78.761333178,87.51259242
Chennai,4647000,623.24,623240000,134.05,CONVENTIONAL,0.75284,469110041.6,469110.04,26553,Urban,Ma. Po Si. Nagar,24670,1129.002827,94.08356892,47.04178446,84.675212028,94.08356892
Chennai,4647000,623.24,623240000,134.05,CONVENTIONAL,0.75284,469110041.6,469110.04,26553,Urban,Royapuram,16424,751.6312293,62.63593578,31.31796789,56.372342202,62.63593578
Chennai,4647000,623.24,623240000,134.05,CONVENTIONAL,0.75284,469110041.6,469110.04,26553,Urban,Singara Garden,15457,707.3772474,58.94810395,29.474051975,53.053293554999996,58.94810395
Chennai,4647000,623.24,623240000,134.05,CONVENTIONAL,0.75284,469110041.6,469110.04,26553,Urban,Narayanappa Garden,13276,607.5655261,50.63046051,25.315230255,45.567414459,50.63046051
Chennai,4647000,623.24,623240000,134.05,CONVENTIONAL,0.75284,469110041.6,469110.04,26553,Urban,Old Washermenpet,16044,734.2408331,61.18673609,30.593368045,55.068062481,61.18673609
Chennai,4647000,623.24,623240000,134.05,CONVENTIONAL,0.75284,469110041.6,469110.04,26553,Urban,Meenakshiammanpet,26177,1197.969477,99.83078975,49.915394875,89.847710775,99.83078975
Chennai,4647000,623.24,623240000,134.05,CONVENTIONAL,0.75284,469110041.6,469110.04,26553,Urban,Kondithope,18434,843.6172723,70.30143936,35.15071968,63.271295424,70.30143936
Chennai,4647000,623.24,623240000,134.05,CONVENTIONAL,0.75284,469110041.6,469110.04,26553,Urban,Seven Wells (North),21002,961.1397393,80.09497828,40.04748914,72.08548045200001,80.09497828
Chennai,4647000,623.24,623240000,134.05,CONVENTIONAL,0.75284,469110041.6,469110.04,26553,Urban,Amman Koil,19261,881.4642662,73.45535552,36.72767776,66.109819968,73.45535552
Chennai,4647000,623.24,623240000,134.05,CONVENTIONAL,0.75284,469110041.6,469110.04,26553,Urban,Muthialpet,20239,926.2216543,77.18513786,38.59256893,69.466624074,77.18513786
Chennai,4647000,623.24,623240000,134.05,CONVENTIONAL,0.75284,469110041.6,469110.04,26553,Urban,Vallal Seethakadhi Nagar,24426,1117.836362,93.15303017,46.576515085,83.837727153,93.15303017
Chennai,4647000,623.24,623240000,134.05,CONVENTIONAL,0.75284,469110041.6,469110.04,26553,Urban,Katchaleeswarar Nagar,26156,1197.008429,99.75070242,49.87535121,89.775632178,99.75070242
Chennai,4647000,623.24,623240000,134.05,CONVENTIONAL,0.75284,469110041.6,469110.04,26553,Urban,Seven Wells (South),19415,888.5119531,74.04266276,37.02133138,66.638396484,74.04266276
Chennai,4647000,623.24,623240000,134.05,CONVENTIONAL,0.75284,469110041.6,469110.04,26553,Urban,Sowcarpet,25286,1157.193574,96.43279783,48.216398915,86.789518047,96.43279783
Chennai,4647000,623.24,623240000,134.05,CONVENTIONAL,0.75284,469110041.6,469110.04,26553,Urban,Basin Bridge,32152,1471.410575,122.6175479,61.30877395,110.35579311000001,122.6175479
Chennai,4647000,623.24,623240000,134.05,CONVENTIONAL,0.75284,469110041.6,469110.04,26553,Urban,Vysarpadi (South),32269,1476.764987,123.0637489,61.53187445,110.75737400999999,123.0637489
Chennai,4647000,623.24,623240000,134.05,CONVENTIONAL,0.75284,469110041.6,469110.04,26553,Urban,Vysarpadi (North),41617,1904.568733,158.7140611,79.35703055,142.84265499,158.7140611
Chennai,4647000,623.24,623240000,134.05,CONVENTIONAL,0.75284,469110041.6,469110.04,26553,Urban,Perambur (North),49559,2268.028013,189.0023344,94.5011672,170.10210096,189.0023344
Chennai,4647000,623.24,623240000,134.05,CONVENTIONAL,0.75284,469110041.6,469110.04,26553,Urban,Perambur (East),40075,1834.000336,152.8333613,76.41668065,137.55002517,152.8333613
Chennai,4647000,623.24,623240000,134.05,CONVENTIONAL,0.75284,469110041.6,469110.04,26553,Urban,Elango Nagar,52262,2391.728647,199.3107206,99.6553603,179.37964854,199.3107206
Chennai,4647000,623.24,623240000,134.05,CONVENTIONAL,0.75284,469110041.6,469110.04,26553,Urban,Perambur (South),26491,1212.339436,101.0282863,50.51414315,90.92545767,101.0282863
Chennai,4647000,623.24,623240000,134.05,CONVENTIONAL,0.75284,469110041.6,469110.04,26553,Urban,Thiru-Vi-Ka Nagar,35187,1610.304924,134.192077,67.0960385,120.77286930000001,134.192077
Chennai,4647000,623.24,623240000,134.05,CONVENTIONAL,0.75284,469110041.6,469110.04,26553,Urban,Wadia Nagar,30573,1399.148902,116.5957418,58.2978709,104.93616762,116.5957418
Chennai,4647000,623.24,623240000,134.05,CONVENTIONAL,0.75284,469110041.6,469110.04,26553,Urban,Dr.Sathiyavanimuthu Nagar,51479,2355.895278,196.3246065,98.16230325,176.69214585,196.3246065
Chennai,4647000,623.24,623240000,134.05,CONVENTIONAL,0.75284,469110041.6,469110.04,26553,Urban,Pulianthope,21550,986.2185212,82.18487677,41.092438385,73.966389093,82.18487677
Chennai,4647000,623.24,623240000,134.05,CONVENTIONAL,0.75284,469110041.6,469110.04,26553,Urban,Dr.Besant Nagar,27857,1274.853334,106.2377778,53.1188889,95.61400002,106.2377778
Chennai,4647000,623.24,623240000,134.05,CONVENTIONAL,0.75284,469110041.6,469110.04,26553,Urban,Peddunaickenpet,15835,724.6761152,60.38967627,30.194838135,54.350708643000004,60.38967627
Chennai,4647000,623.24,623240000,134.05,CONVENTIONAL,0.75284,469110041.6,469110.04,26553,Urban,Perumal Koil Garden,14291,654.0161896,54.50134913,27.250674565,49.051214217,54.50134913
Chennai,4647000,623.24,623240000,134.05,CONVENTIONAL,0.75284,469110041.6,469110.04,26553,Urban,Thattankulam,17871,817.8520275,68.15433563,34.077167815,61.33890206700001,68.15433563
Chennai,4647000,623.24,623240000,134.05,CONVENTIONAL,0.75284,469110041.6,469110.04,26553,Urban,Choolai,12747,583.356264,48.613022,24.306511,43.751719800000004,48.613022
Chennai,4647000,623.24,623240000,134.05,CONVENTIONAL,0.75284,469110041.6,469110.04,26553,Urban,Park Town,14379,658.0434392,54.83695327,27.418476635,49.353257943,54.83695327
Chennai,4647000,623.24,623240000,134.05,CONVENTIONAL,0.75284,469110041.6,469110.04,26553,Urban,Elephant Gate,18269,836.0661793,69.67218161,34.836090805,62.704963449,69.67218161
Chennai,4647000,623.24,623240000,134.05,CONVENTIONAL,0.75284,469110041.6,469110.04,26553,Urban,Edapalayam,16889,772.9115825,64.40929854,32.20464927,57.968368686,64.40929854
Chennai,4647000,623.24,623240000,134.05,CONVENTIONAL,0.75284,469110041.6,469110.04,26553,Urban,Agaram (North),51527,2358.09196,196.5076633,98.25383165,176.85689697,196.5076633
Chennai,4647000,623.24,623240000,134.05,CONVENTIONAL,0.75284,469110041.6,469110.04,26553,Urban,Chembium,46250,2116.594274,176.3828562,88.1914281,158.74457058,176.3828562
Chennai,4647000,623.24,623240000,134.05,CONVENTIONAL,0.75284,469110041.6,469110.04,26553,Urban,Siruvallur,23233,1063.239671,88.60330592,44.30165296,79.742975328,88.60330592
Chennai,4647000,623.24,623240000,134.05,CONVENTIONAL,0.75284,469110041.6,469110.04,26553,Urban,Nagamaniammaiyar Nagar (North),23831,1090.606663,90.88388858,45.44194429,81.795499722,90.88388858
Chennai,4647000,623.24,623240000,134.05,CONVENTIONAL,0.75284,469110041.6,469110.04,26553,Urban,Agaram (South),39058,1787.458144,148.9548453,74.47742265,134.05936076999998,148.9548453
Chennai,4647000,623.24,623240000,134.05,CONVENTIONAL,0.75284,469110041.6,469110.04,26553,Urban,Viduthalai Gurusamy Nagar,23220,1062.644736,88.553728,44.276864,79.69835520000001,88.553728
Chennai,4647000,623.24,623240000,134.05,CONVENTIONAL,0.75284,469110041.6,469110.04,26553,Urban,Ayanavaram,38123,1744.668616,145.3890513,72.69452565,130.85014617000002,145.3890513
Chennai,4647000,623.24,623240000,134.05,CONVENTIONAL,0.75284,469110041.6,469110.04,26553,Urban,Naganmaniammayar Nagar (South),21805,997.8883923,83.15736603,41.578683015,74.841629427,83.15736603
Chennai,4647000,623.24,623240000,134.05,CONVENTIONAL,0.75284,469110041.6,469110.04,26553,Urban,Panneerselvam Nagar,30577,1399.331959,116.6109966,58.3054983,104.94989694,116.6109966
Chennai,4647000,623.24,623240000,134.05,CONVENTIONAL,0.75284,469110041.6,469110.04,26553,Urban,Maraimalai Adigal Nagar (North),23595,1079.806311,89.98385925,44.991929625,80.985473325,89.98385925
Chennai,4647000,623.24,623240000,134.05,CONVENTIONAL,0.75284,469110041.6,469110.04,26553,Urban,Maraimalai Adigal Nagar (South),29821,1364.734224,113.727852,56.863926,102.3550668,113.727852
Chennai,4647000,623.24,623240000,134.05,CONVENTIONAL,0.75284,469110041.6,469110.04,26553,Urban,Purasawalkam,17321,792.6817172,66.05680977,33.028404885,59.451128793,66.05680977
Chennai,4647000,623.24,623240000,134.05,CONVENTIONAL,0.75284,469110041.6,469110.04,26553,Urban,Kolathur,110474,5055.754288,421.3128573,210.65642865,379.18157157,421.3128573
Chennai,4647000,623.24,623240000,134.05,CONVENTIONAL,0.75284,469110041.6,469110.04,26553,Urban,Villivakkam (North),81648,3736.555444,311.3796203,155.68981015,280.24165827,311.3796203
Chennai,4647000,623.24,623240000,134.05,CONVENTIONAL,0.75284,469110041.6,469110.04,26553,Urban,Villivakkam (South),72144,3301.612482,275.1343735,137.56718675,247.62093614999998,275.1343735
Chennai,4647000,623.24,623240000,134.05,CONVENTIONAL,0.75284,469110041.6,469110.04,26553,Urban,Virugambakkam (North),95564,4373.410058,364.4508382,182.2254191,328.00575438000004,364.4508382
Chennai,4647000,623.24,623240000,134.05,CONVENTIONAL,0.75284,469110041.6,469110.04,26553,Urban,Anna Nagar (West),50926,2330.587676,194.2156397,97.10781985,174.79407573,194.2156397
Chennai,4647000,623.24,623240000,134.05,CONVENTIONAL,0.75284,469110041.6,469110.04,26553,Urban,Anna Nagar (Central),37331,1708.42337,142.3686142,71.1843071,128.13175278,142.3686142
Chennai,4647000,623.24,623240000,134.05,CONVENTIONAL,0.75284,469110041.6,469110.04,26553,Urban,Anna Nagar (East),32999,1510.172853,125.8477378,62.9238689,113.26296402000001,125.8477378
Chennai,4647000,623.24,623240000,134.05,CONVENTIONAL,0.75284,469110041.6,469110.04,26553,Urban,Shenoy Nagar,27133,1241.720053,103.4766711,51.73833555,93.12900399,103.4766711
Chennai,4647000,623.24,623240000,134.05,CONVENTIONAL,0.75284,469110041.6,469110.04,26553,Urban,Kilpauk (North),26313,1204.193408,100.3494507,50.17472535,90.31450563000001,100.3494507
Chennai,4647000,623.24,623240000,134.05,CONVENTIONAL,0.75284,469110041.6,469110.04,26553,Urban,Gangadeeswarar Koil,12091,553.3349485,46.11124571,23.055622855,41.500121139,46.11124571
Chennai,4647000,623.24,623240000,134.05,CONVENTIONAL,0.75284,469110041.6,469110.04,26553,Urban,Kilpauk (South),32446,1484.86525,123.7387708,61.8693854,111.36489372,123.7387708
Chennai,4647000,623.24,623240000,134.05,CONVENTIONAL,0.75284,469110041.6,469110.04,26553,Urban,Aminjikarai (East),22662,1037.108312,86.42569267,43.212846335,77.783123403,86.42569267
Chennai,4647000,623.24,623240000,134.05,CONVENTIONAL,0.75284,469110041.6,469110.04,26553,Urban,Aminjikarai (Central),56960,2606.728861,217.2274051,108.61370255,195.50466459,217.2274051
Chennai,4647000,623.24,623240000,134.05,CONVENTIONAL,0.75284,469110041.6,469110.04,26553,Urban,Aminjikarai (West),60126,2751.61832,229.3015267,114.65076335,206.37137403000003,229.3015267
Chennai,4647000,623.24,623240000,134.05,CONVENTIONAL,0.75284,469110041.6,469110.04,26553,Urban,Periyar Nagar (North),24524,1122.321253,93.52677108,46.76338554,84.17409397200001,93.52677108
Chennai,4647000,623.24,623240000,134.05,CONVENTIONAL,0.75284,469110041.6,469110.04,26553,Urban,Periyar Nagar (South),23619,1080.904652,90.07538767,45.037693835,81.067848903,90.07538767
Chennai,4647000,623.24,623240000,134.05,CONVENTIONAL,0.75284,469110041.6,469110.04,26553,Urban,Nungambakkam,23476,1074.360371,89.53003092,44.76501546,80.577027828,89.53003092
Chennai,4647000,623.24,623240000,134.05,CONVENTIONAL,0.75284,469110041.6,469110.04,26553,Urban,Adikesavapuram,19748,903.7514318,75.31261932,37.65630966,67.781357388,75.31261932
Chennai,4647000,623.24,623240000,134.05,CONVENTIONAL,0.75284,469110041.6,469110.04,26553,Urban,Nehru Nagar,20318,929.8370261,77.48641884,38.74320942,69.737776956,77.48641884
Chennai,4647000,623.24,623240000,134.05,CONVENTIONAL,0.75284,469110041.6,469110.04,26553,Urban,Chintadripet,17123,783.6204055,65.30170046,32.65085023,58.771530414000004,65.30170046
Chennai,4647000,623.24,623240000,134.05,CONVENTIONAL,0.75284,469110041.6,469110.04,26553,Urban,Komaleeswaranpet,16338,747.6955081,62.30795901,31.153979505,56.077163109,62.30795901
Chennai,4647000,623.24,623240000,134.05,CONVENTIONAL,0.75284,469110041.6,469110.04,26553,Urban,Balasubramaniam Nagar,19140,875.9267979,72.99389983,36.496949915,65.694509847,72.99389983
Chennai,4647000,623.24,623240000,134.05,CONVENTIONAL,0.75284,469110041.6,469110.04,26553,Urban,Thiruvotteeswaranpet,17825,815.7468742,67.97890618,33.98945309,61.181015562,67.97890618
Chennai,4647000,623.24,623240000,134.05,CONVENTIONAL,0.75284,469110041.6,469110.04,26553,Urban,Dr.Natesan Nagar,11304,517.3185227,43.10987689,21.554938445,38.798889201,43.10987689
Chennai,4647000,623.24,623240000,134.05,CONVENTIONAL,0.75284,469110041.6,469110.04,26553,Urban,Chepauk,16185,740.6935854,61.72446545,30.862232725,55.552018905,61.72446545
Chennai,4647000,623.24,623240000,134.05,CONVENTIONAL,0.75284,469110041.6,469110.04,26553,Urban,Zam Bazaar,14375,657.8603824,54.82169853,27.410849265,49.339528677,54.82169853
Chennai,4647000,623.24,623240000,134.05,CONVENTIONAL,0.75284,469110041.6,469110.04,26553,Urban,Umarupulavar Nagar,23618,1080.858888,90.071574,45.035787,81.0644166,90.071574
Chennai,4647000,623.24,623240000,134.05,CONVENTIONAL,0.75284,469110041.6,469110.04,26553,Urban,Thiruvallikeni,16014,732.8679071,61.07232559,30.536162795,54.965093031,61.07232559
Chennai,4647000,623.24,623240000,134.05,CONVENTIONAL,0.75284,469110041.6,469110.04,26553,Urban,Marina,17329,793.0478308,66.08731923,33.043659615,59.478587307000005,66.08731923
Chennai,4647000,623.24,623240000,134.05,CONVENTIONAL,0.75284,469110041.6,469110.04,26553,Urban,Krishnampet,22285,1019.855209,84.98793408,42.49396704,76.489140672,84.98793408
Chennai,4647000,623.24,623240000,134.05,CONVENTIONAL,0.75284,469110041.6,469110.04,26553,Urban,Bharathi Nagar,16511,755.6127148,62.96772623,31.483863115,56.670953607,62.96772623
Chennai,4647000,623.24,623240000,134.05,CONVENTIONAL,0.75284,469110041.6,469110.04,26553,Urban,Azad Nagar (North),17368,794.8326346,66.23605288,33.11802644,59.612447592,66.23605288
Chennai,4647000,623.24,623240000,134.05,CONVENTIONAL,0.75284,469110041.6,469110.04,26553,Urban,Bharathidasan Nagar,22407,1025.438441,85.45320342,42.72660171,76.907883078,85.45320342
Chennai,4647000,623.24,623240000,134.05,CONVENTIONAL,0.75284,469110041.6,469110.04,26553,Urban,Azad Nagar (South),11664,533.7936348,44.4828029,22.24140145,40.03452261,44.4828029
Chennai,4647000,623.24,623240000,134.05,CONVENTIONAL,0.75284,469110041.6,469110.04,26553,Urban,Vivekanandapuram,12954,592.8294535,49.40245446,24.70122723,44.462209014,49.40245446
Chennai,4647000,623.24,623240000,134.05,CONVENTIONAL,0.75284,469110041.6,469110.04,26553,Urban,Anjukam Ammaiyar Nagar,20860,954.6412228,79.55343523,39.776717615,71.59809170700001,79.55343523
Chennai,4647000,623.24,623240000,134.05,CONVENTIONAL,0.75284,469110041.6,469110.04,26553,Urban,Kosapet,17466,799.3175262,66.60979385,33.304896925,59.948814465000005,66.60979385
Chennai,4647000,623.24,623240000,134.05,CONVENTIONAL,0.75284,469110041.6,469110.04,26553,Urban,Pattalam,15460,707.51454,58.959545,29.4797725,53.0635905,58.959545
Chennai,4647000,623.24,623240000,134.05,CONVENTIONAL,0.75284,469110041.6,469110.04,26553,Urban,Anbhazhagan Nagar,9545,436.8192939,36.40160783,18.200803915,32.761447047000004,36.40160783
Chennai,4647000,623.24,623240000,134.05,CONVENTIONAL,0.75284,469110041.6,469110.04,26553,Urban,Perumalpet,12703,581.3426392,48.44521993,24.222609965,43.600697937,48.44521993
Chennai,4647000,623.24,623240000,134.05,CONVENTIONAL,0.75284,469110041.6,469110.04,26553,Urban,Kannappar Nagar,9377,429.1309083,35.76090903,17.880454515,32.184818127,35.76090903
Chennai,4647000,623.24,623240000,134.05,CONVENTIONAL,0.75284,469110041.6,469110.04,26553,Urban,Dr.Ambedkar Nagar,16595,759.4569076,63.28807563,31.644037815,56.959268067000004,63.28807563
Chennai,4647000,623.24,623240000,134.05,CONVENTIONAL,0.75284,469110041.6,469110.04,26553,Urban,Chetpet,20897,956.3344982,79.69454152,39.84727076,71.725087368,79.69454152
Chennai,4647000,623.24,623240000,134.05,CONVENTIONAL,0.75284,469110041.6,469110.04,26553,Urban,Egmore,17965,822.1538623,68.51282186,34.25641093,61.661539674000004,68.51282186
Chennai,4647000,623.24,623240000,134.05,CONVENTIONAL,0.75284,469110041.6,469110.04,26553,Urban,Pudupet,20023,916.336587,76.36138225,38.180691125,68.72524402500001,76.36138225
Chennai,4647000,623.24,623240000,134.05,CONVENTIONAL,0.75284,469110041.6,469110.04,26553,Urban,Ko-Si-Mani Nagar,22902,1048.09172,87.34097667,43.670488335,78.606879003,87.34097667
Chennai,4647000,623.24,623240000,134.05,CONVENTIONAL,0.75284,469110041.6,469110.04,26553,Urban,Nakkeerar Nagar,20042,917.2061068,76.43384223,38.216921115,68.790458007,76.43384223
Chennai,4647000,623.24,623240000,134.05,CONVENTIONAL,0.75284,469110041.6,469110.04,26553,Urban,Thousand Lights,18546,848.7428628,70.7285719,35.36428595,63.655714710000005,70.7285719
Chennai,4647000,623.24,623240000,134.05,CONVENTIONAL,0.75284,469110041.6,469110.04,26553,Urban,Azhagiri Nagar,13867,634.6121686,52.88434738,26.44217369,47.595912642,52.88434738
Chennai,4647000,623.24,623240000,134.05,CONVENTIONAL,0.75284,469110041.6,469110.04,26553,Urban,Amir Mahal,18480,845.7224256,70.4768688,35.2384344,63.429181920000005,70.4768688
Chennai,4647000,623.24,623240000,134.05,CONVENTIONAL,0.75284,469110041.6,469110.04,26553,Urban,Royapettah,14912,682.4357581,56.86964651,28.434823255,51.182681859000006,56.86964651
Chennai,4647000,623.24,623240000,134.05,CONVENTIONAL,0.75284,469110041.6,469110.04,26553,Urban,Teynampet,19701,901.6005144,75.1333762,37.5666881,67.62003858,75.1333762
Chennai,4647000,623.24,623240000,134.05,CONVENTIONAL,0.75284,469110041.6,469110.04,26553,Urban,Sathiyamoorthi Nagar,32913,1506.237132,125.519761,62.7598805,112.9677849,125.519761
Chennai,4647000,623.24,623240000,134.05,CONVENTIONAL,0.75284,469110041.6,469110.04,26553,Urban,Alwarpet (North),24775,1133.808068,94.48400567,47.242002835,85.03560510300001,94.48400567
Chennai,4647000,623.24,623240000,134.05,CONVENTIONAL,0.75284,469110041.6,469110.04,26553,Urban,Alwarpet (South),23624,1081.133473,90.09445608,45.04722804,81.08501047200001,90.09445608
Chennai,4647000,623.24,623240000,134.05,CONVENTIONAL,0.75284,469110041.6,469110.04,26553,Urban,Vadapalani (West),36192,1656.297945,138.0248288,69.0124144,124.22234592,138.0248288
Chennai,4647000,623.24,623240000,134.05,CONVENTIONAL,0.75284,469110041.6,469110.04,26553,Urban,Vadapalani (East),34310,1570.16972,130.8474767,65.42373835,117.76272902999999,130.8474767
Chennai,4647000,623.24,623240000,134.05,CONVENTIONAL,0.75284,469110041.6,469110.04,26553,Urban,Kalaivanar Nagar,23472,1074.177315,89.51477625,44.757388125,80.563298625,89.51477625
Chennai,4647000,623.24,623240000,134.05,CONVENTIONAL,0.75284,469110041.6,469110.04,26553,Urban,Navalar Nedunchezian Nagar (East),28874,1321.395526,110.1162938,55.0581469,99.10466441999999,110.1162938
Chennai,4647000,623.24,623240000,134.05,CONVENTIONAL,0.75284,469110041.6,469110.04,26553,Urban,Navalar Nedunchezian Nagar (West),25912,1185.841964,98.82016367,49.410081835,88.93814730300001,98.82016367
Chennai,4647000,623.24,623240000,134.05,CONVENTIONAL,0.75284,469110041.6,469110.04,26553,Urban,Ashok Nagar,30204,1382.261912,115.1884927,57.59424635,103.66964343,115.1884927
Chennai,4647000,623.24,623240000,134.05,CONVENTIONAL,0.75284,469110041.6,469110.04,26553,Urban,M.G.R.Nagar,25733,1177.650172,98.13751433,49.068757165,88.32376289700001,98.13751433
Chennai,4647000,623.24,623240000,134.05,CONVENTIONAL,0.75284,469110041.6,469110.04,26553,Urban,Kamaraj Nagar (North),22907,1048.320541,87.36004508,43.68002254,78.62404057200001,87.36004508
Chennai,4647000,623.24,623240000,134.05,CONVENTIONAL,0.75284,469110041.6,469110.04,26553,Urban,Kamaraj Nagar (South),20416,934.3219178,77.86015982,38.93007991,70.07414383800001,77.86015982
Chennai,4647000,623.24,623240000,134.05,CONVENTIONAL,0.75284,469110041.6,469110.04,26553,Urban,Thiyagaraya Nagar,17718,810.8501048,67.57084207,33.785421035,60.813757863,67.57084207
Chennai,4647000,623.24,623240000,134.05,CONVENTIONAL,0.75284,469110041.6,469110.04,26553,Urban,Rajaji Nagar,24606,1126.073918,93.83949317,46.919746585,84.455543853,93.83949317
Chennai,4647000,623.24,623240000,134.05,CONVENTIONAL,0.75284,469110041.6,469110.04,26553,Urban,Virugambakkam (South),58003,2654.460923,221.2050769,110.60253845,199.08456921,221.2050769
Chennai,4647000,623.24,623240000,134.05,CONVENTIONAL,0.75284,469110041.6,469110.04,26553,Urban,Saligramam,59322,2714.823903,226.2353253,113.11766265,203.61179277,226.2353253
Chennai,4647000,623.24,623240000,134.05,CONVENTIONAL,0.75284,469110041.6,469110.04,26553,Urban,Bhemmannapet,55784,2552.910162,212.7425135,106.37125675,191.46826215000002,212.7425135
Chennai,4647000,623.24,623240000,134.05,CONVENTIONAL,0.75284,469110041.6,469110.04,26553,Urban,Thiruvalluvar Nagar,58468,2675.741276,222.9784397,111.48921985,200.68059573,222.9784397
Chennai,4647000,623.24,623240000,134.05,CONVENTIONAL,0.75284,469110041.6,469110.04,26553,Urban,Madhavaperumal Puram,41733,1909.87738,159.1564483,79.57822415,143.24080347,159.1564483
Chennai,4647000,623.24,623240000,134.05,CONVENTIONAL,0.75284,469110041.6,469110.04,26553,Urban,Karaneeswarapuram,25793,1180.396024,98.36633533,49.183167665,88.529701797,98.36633533
Chennai,4647000,623.24,623240000,134.05,CONVENTIONAL,0.75284,469110041.6,469110.04,26553,Urban,Santhome,23054,1055.047879,87.92065658,43.96032829,79.128590922,87.92065658
Chennai,4647000,623.24,623240000,134.05,CONVENTIONAL,0.75284,469110041.6,469110.04,26553,Urban,Mylapore,49869,2282.214916,190.1845763,95.09228815,171.16611867,190.1845763
Chennai,4647000,623.24,623240000,134.05,CONVENTIONAL,0.75284,469110041.6,469110.04,26553,Urban,Avvai Nagar (North),33270,1522.574951,126.8812459,63.44062295,114.19312131,126.8812459
Chennai,4647000,623.24,623240000,134.05,CONVENTIONAL,0.75284,469110041.6,469110.04,26553,Urban,Raja Annamalaipuram,22019,1007.681931,83.97349425,41.986747125,75.576144825,83.97349425
Chennai,4647000,623.24,623240000,134.05,CONVENTIONAL,0.75284,469110041.6,469110.04,26553,Urban,Avvai Nagar (South),37720,1726.225644,143.852137,71.9260685,129.4669233,143.852137
Chennai,4647000,623.24,623240000,134.05,CONVENTIONAL,0.75284,469110041.6,469110.04,26553,Urban,Adyar (West),35299,1615.430514,134.6192095,67.30960475,121.15728855000002,134.6192095
Chennai,4647000,623.24,623240000,134.05,CONVENTIONAL,0.75284,469110041.6,469110.04,26553,Urban,Adyar (East),33089,1514.291631,126.1909693,63.09548465,113.57187237000001,126.1909693
Chennai,4647000,623.24,623240000,134.05,CONVENTIONAL,0.75284,469110041.6,469110.04,26553,Urban,Velacherry,54598,2498.63382,208.219485,104.1097425,187.3975365,208.219485
Chennai,4647000,623.24,623240000,134.05,CONVENTIONAL,0.75284,469110041.6,469110.04,26553,Urban,Thiruvanmiyur (West),26525,1213.895419,101.1579516,50.5789758,91.04215644,101.1579516
Chennai,4647000,623.24,623240000,134.05,CONVENTIONAL,0.75284,469110041.6,469110.04,26553,Urban,Thiruvanmiyur (East),20124,920.9587712,76.74656427,38.373282135,69.07190784299999,76.74656427
Chengalpattu,2556000,338.32,338320000,132.36,CONVENTIONAL,0.75284,254468988.8,254468.99,868,Suburban,Chengalpattu,210306,9624.485954,802.0404962,401.0202481,721.83644658,802.0404962
Chengalpattu,2556000,338.32,338320000,132.36,CONVENTIONAL,0.75284,254468988.8,254468.99,868,Suburban,Thirukalukundram,238244,10903.04619,908.5871825,454.29359125,817.72846425,908.5871825
Chengalpattu,2556000,338.32,338320000,132.36,CONVENTIONAL,0.75284,254468988.8,254468.99,868,Suburban,Thiruporur,156427,7158.756594,596.5630495,298.28152475,536.9067445500001,596.5630495
Chengalpattu,2556000,338.32,338320000,132.36,CONVENTIONAL,0.75284,254468988.8,254468.99,868,Suburban,Tambaram,464297,21248.18101,1770.681751,885.3408755,1593.6135759000001,1770.681751
Chengalpattu,2556000,338.32,338320000,132.36,CONVENTIONAL,0.75284,254468988.8,254468.99,868,Suburban,Pallavaram,582783,26670.59807,2222.549839,1111.2749195,2000.2948551,2222.549839
Chengalpattu,2556000,338.32,338320000,132.36,CONVENTIONAL,0.75284,254468988.8,254468.99,868,Suburban,Vandalur(new),321003,14690.44566,1224.203805,612.1019025,1101.7834245000001,1224.203805
Chengalpattu,2556000,338.32,338320000,132.36,CONVENTIONAL,0.75284,254468988.8,254468.99,868,Suburban,Madurantagam,333902,15280.75808,1273.396507,636.6982535,1146.0568563,1273.396507
Chengalpattu,2556000,338.32,338320000,132.36,CONVENTIONAL,0.75284,254468988.8,254468.99,868,Suburban,Cheyyur,249282,11408.19143,950.6826192,475.3413096,855.61435728,950.6826192
Coimbatore,3458000,458.87,458870000,132.65,CONVENTIONAL,0.75284,345209060.8,345209.06,731,Suburban,Coimbatore South ,1592646,72886.1709,6073.847575,3036.9237875,5466.4628175,6073.847575
Coimbatore,3458000,458.87,458870000,132.65,CONVENTIONAL,0.75284,345209060.8,345209.06,731,Suburban,Coimbatore South,637389,29169.598,2430.799833,1215.3999165,2187.7198497,2430.799833
Coimbatore,3458000,458.87,458870000,132.65,CONVENTIONAL,0.75284,345209060.8,345209.06,731,Suburban,Pollachi,575928,26356.88448,2196.40704,1098.20352,1976.7663360000001,2196.40704
Coimbatore,3458000,458.87,458870000,132.65,CONVENTIONAL,0.75284,345209060.8,345209.06,731,Suburban,Sulur,321051,14692.64234,1224.386862,612.193431,1101.9481758000002,1224.386862
Coimbatore,3458000,458.87,458870000,132.65,CONVENTIONAL,0.75284,345209060.8,345209.06,731,Suburban,Mettupalayam,260172,11906.56358,992.2136317,496.10681585,892.9922685299999,992.2136317
Coimbatore,3458000,458.87,458870000,132.65,CONVENTIONAL,0.75284,345209060.8,345209.06,731,Suburban,Valparai,70859,3242.805484,270.2337903,135.11689515,243.21041127,270.2337903
Cuddalore,2606000,345.38,345380000,132.59,CONVENTIONAL,0.75284,259948664.8,259948.66,704,Suburban,Panruti,413639,18929.85814,1577.488178,788.744089,1419.7393602000002,1577.488178
Cuddalore,2606000,345.38,345380000,132.59,CONVENTIONAL,0.75284,259948664.8,259948.66,704,Suburban,Cuddalore,426466,19516.87554,1626.406295,813.2031475,1463.7656655,1626.406295
Cuddalore,2606000,345.38,345380000,132.59,CONVENTIONAL,0.75284,259948664.8,259948.66,704,Suburban,Kurinjipadi,331755,15182.50234,1265.208528,632.604264,1138.6876751999998,1265.208528
Cuddalore,2606000,345.38,345380000,132.59,CONVENTIONAL,0.75284,259948664.8,259948.66,704,Suburban,Chidambaram,467909,21413.4813,1784.456775,892.2283875,1606.0110975000002,1784.456775
Cuddalore,2606000,345.38,345380000,132.59,CONVENTIONAL,0.75284,259948664.8,259948.66,704,Suburban,Kattumannarkoil ,276947,12674.25804,1056.18817,528.094085,950.569353,1056.18817
Cuddalore,2606000,345.38,345380000,132.59,CONVENTIONAL,0.75284,259948664.8,259948.66,704,Suburban,Virudhachalam ,426592,19522.64183,1626.886819,813.4434095,1464.1981371000002,1626.886819
Cuddalore,2606000,345.38,345380000,132.59,CONVENTIONAL,0.75284,259948664.8,259948.66,704,Suburban,Tittakudi ,262606,12017.95364,1001.496137,500.7480685,901.3465233,1001.496137
Dharmapuri,1507000,199.71,199710000,132.62,CONVENTIONAL,0.75284,150340976.4,150340.98,335,Rural,Palakkodu ,346489,15856.79207,1321.399339,660.6996695,1189.2594051,1321.399339
Dharmapuri,1507000,199.71,199710000,132.62,CONVENTIONAL,0.75284,150340976.4,150340.98,335,Rural,Harur,240908,11024.96202,918.746835,459.3734175,826.8721515000001,918.746835
Dharmapuri,1507000,199.71,199710000,132.62,CONVENTIONAL,0.75284,150340976.4,150340.98,335,Rural,Pappireddipatti,243445,11141.0658,928.42215,464.211075,835.579935,928.42215
Dharmapuri,1507000,199.71,199710000,132.62,CONVENTIONAL,0.75284,150340976.4,150340.98,335,Rural,Dharmapuri ,441148,20188.78553,1682.398794,841.199397,1514.1589146,1682.398794
Dharmapuri,1507000,199.71,199710000,132.62,CONVENTIONAL,0.75284,150340976.4,150340.98,335,Rural,Pennagaram,234853,10747.85978,895.6549817,447.82749085,806.08948353,895.6549817
Dindigul,2160000,285.71,285710000,132.0,CONVENTIONAL,0.75284,214990856.4,214990.86,358,Rural,Palani ,292301,13376.92158,1114.743465,557.3717325,1003.2691185,1114.743465
Dindigul,2160000,285.71,285710000,132.0,CONVENTIONAL,0.75284,214990856.4,214990.86,358,Rural,Oddanchatram ,182600,8356.543015,696.3785846,348.1892923,626.74072614,696.3785846
Dindigul,2160000,285.71,285710000,132.0,CONVENTIONAL,0.75284,214990856.4,214990.86,358,Rural,Vedasandur,324540,14852.31364,1237.692803,618.8464015,1113.9235227,1237.692803
Dindigul,2160000,285.71,285710000,132.0,CONVENTIONAL,0.75284,214990856.4,214990.86,358,Rural,Natham,158687,7262.183688,605.181974,302.590987,544.6637766,605.181974
Dindigul,2160000,285.71,285710000,132.0,CONVENTIONAL,0.75284,214990856.4,214990.86,358,Rural,Dindigul,639910,29284.96955,2440.414129,1220.2070645,2196.3727160999997,2440.414129
Dindigul,2160000,285.71,285710000,132.0,CONVENTIONAL,0.75284,214990856.4,214990.86,358,Rural,Attur ,159846,7315.224396,609.602033,304.8010165,548.6418297,609.602033
Dindigul,2160000,285.71,285710000,132.0,CONVENTIONAL,0.75284,214990856.4,214990.86,358,Rural,Kodaikanal,115250,5274.32411,439.5270092,219.7635046,395.57430828,439.5270092
Dindigul,2160000,285.71,285710000,132.0,CONVENTIONAL,0.75284,214990856.4,214990.86,358,Rural,Nilakottai,286641,13117.8962,1093.158017,546.5790085,983.8422153,1093.158017
Erode,2252000,297.89,297890000,132.52,CONVENTIONAL,0.75284,224257167.6,224257.17,391,Rural,Sathyamangalam,327441,14985.07558,1248.756298,624.378149,1123.8806682,1248.756298
Erode,2252000,297.89,297890000,132.52,CONVENTIONAL,0.75284,224257167.6,224257.17,391,Rural,Bhavani ,327441,14985.07558,1248.756298,624.378149,1123.8806682,1248.756298
Erode,2252000,297.89,297890000,132.52,CONVENTIONAL,0.75284,224257167.6,224257.17,391,Rural,Gobichettipalayam,376351,17223.40263,1435.283553,717.6417765,1291.7551977,1435.283553
Erode,2252000,297.89,297890000,132.52,CONVENTIONAL,0.75284,224257167.6,224257.17,391,Rural,Perundurai ,266106,12178.12834,1014.844028,507.422014,913.3596252,1014.844028
Erode,2252000,297.89,297890000,132.52,CONVENTIONAL,0.75284,224257167.6,224257.17,391,Rural,Erode,822329,37633.22925,3136.102437,1568.0512185,2822.4921933,3136.102437
Kallakurichi,1370000,181.13,181130000,132.75,CONVENTIONAL,0.75284,136316126.2,136316.13,389,Rural,Tirukoilur,446531,20435.13422,1702.927852,851.463926,1532.6350668,1702.927852
Kallakurichi,1370000,181.13,181130000,132.75,CONVENTIONAL,0.75284,136316126.2,136316.13,389,Rural, Ulundurpet,373621,17098.46636,1424.872197,712.4360985,1282.3849773,1424.872197
Kallakurichi,1370000,181.13,181130000,132.75,CONVENTIONAL,0.75284,136316126.2,136316.13,389,Rural,Kallakurichi,466136,21332.34137,1777.695114,888.847557,1599.9256026,1777.695114
Kallakurichi,1370000,181.13,181130000,132.75,CONVENTIONAL,0.75284,136316126.2,136316.13,389,Rural, Sankarapuram,407970,18670.42089,1555.868408,777.934204,1400.2815672000002,1555.868408
Kancheepuram,1166000,154.17,154170000,132.77,CONVENTIONAL,0.75284,115995428.8,115995.43,704,Suburban,Sriperumbudur,510836,23378.00114,1948.166762,974.083381,1753.3500858,1948.166762
Kancheepuram,1166000,154.17,154170000,132.77,CONVENTIONAL,0.75284,115995428.8,115995.43,704,Suburban,Tambaram,383718,17560.54749,1463.378958,731.689479,1317.0410622,1463.378958
Kancheepuram,1166000,154.17,154170000,132.77,CONVENTIONAL,0.75284,115995428.8,115995.43,704,Suburban,Alandur,642237,29391.46285,2449.288571,1224.6442855,2204.3597139000003,2449.288571
Kancheepuram,1166000,154.17,154170000,132.77,CONVENTIONAL,0.75284,115995428.8,115995.43,704,Suburban,Sholinganallur,563342,25780.89625,2148.408021,1074.2040105,1933.5672189000002,2148.408021
Kancheepuram,1166000,154.17,154170000,132.77,CONVENTIONAL,0.75284,115995428.8,115995.43,704,Suburban,Chengalpattu,573406,26241.46716,2186.78893,1093.394465,1968.1100370000001,2186.78893
Kancheepuram,1166000,154.17,154170000,132.77,CONVENTIONAL,0.75284,115995428.8,115995.43,704,Suburban,Kancheepuram,497711,22777.346,1898.112167,949.0560835,1708.3009503,1898.112167
Kancheepuram,1166000,154.17,154170000,132.77,CONVENTIONAL,0.75284,115995428.8,115995.43,704,Suburban,Uthiramerur,148133,6779.188315,564.9323596,282.4661798,508.43912364000005,564.9323596
Kancheepuram,1166000,154.17,154170000,132.77,CONVENTIONAL,0.75284,115995428.8,115995.43,704,Suburban,Tirukalukundram,196897,9010.833789,750.9028158,375.4514079,675.81253422,750.9028158
Kancheepuram,1166000,154.17,154170000,132.77,CONVENTIONAL,0.75284,115995428.8,115995.43,704,Suburban,Maduranthakam,275953,12628.76843,1052.397369,526.1986845,947.1576321,1052.397369
Kancheepuram,1166000,154.17,154170000,132.77,CONVENTIONAL,0.75284,115995428.8,115995.43,704,Suburban,Cheyyur,206019,9428.294826,785.6912355,392.84561775,707.12211195,785.6912355
Kanyakumari,1870000,247.04,247040000,132.55,CONVENTIONAL,0.75284,185817241.6,185817.24,1111,Urban,Vilavancode,590567,27026.82661,2252.235551,1126.1177755,2027.0119959000003,2252.235551
Kanyakumari,1870000,247.04,247040000,132.55,CONVENTIONAL,0.75284,185817241.6,185817.24,1111,Urban,Kalkulam,606706,27765.41504,2313.784587,1156.8922935,2082.4061283,2313.784587
Kanyakumari,1870000,247.04,247040000,132.55,CONVENTIONAL,0.75284,185817241.6,185817.24,1111,Urban,Thovala,120926,5534.081712,461.173476,230.586738,415.0561284,461.173476
Kanyakumari,1870000,247.04,247040000,132.55,CONVENTIONAL,0.75284,185817241.6,185817.24,1111,Urban,Agastheeswaram,552175,25269.84742,2105.820618,1052.910309,1895.2385562000002,2105.820618
Karur,1064000,140.8,140800000,132.66,CONVENTIONAL,0.75284,105960672.0,105960.67,367,Rural,Aravakurichi,183321,8389.539003,699.1282503,349.56412515,629.21542527,699.1282503
Karur,1064000,140.8,140800000,132.66,CONVENTIONAL,0.75284,105960672.0,105960.67,367,Rural,Karur,445389,20382.8715,1698.572625,849.2863125,1528.7153625,1698.572625
Karur,1064000,140.8,140800000,132.66,CONVENTIONAL,0.75284,105960672.0,105960.67,367,Rural,Krishnarayapuram,119213,5455.687636,454.6406363,227.32031815,409.17657267,454.6406363
Karur,1064000,140.8,140800000,132.66,CONVENTIONAL,0.75284,105960672.0,105960.67,367,Rural,Kulithalai ,206731,9460.878937,788.4065781,394.20328905,709.56592029,788.4065781
Karur,1064000,140.8,140800000,132.66,CONVENTIONAL,0.75284,105960672.0,105960.67,367,Rural,Kadavur,109839,5026.694021,418.8911684,209.4455842,377.00205156000004,418.8911684
Krishnagiri,1880000,248.19,248190000,131.79,CONVENTIONAL,0.75284,186744159.6,186744.16,367,Rural,Hosur,539663,24697.24574,2058.103812,1029.051906,1852.2934308,2058.103812
Krishnagiri,1880000,248.19,248190000,131.79,CONVENTIONAL,0.75284,186744159.6,186744.16,367,Rural,Krishnagiri,597071,27324.47697,2277.039748,1138.519874,2049.3357732000004,2277.039748
Krishnagiri,1880000,248.19,248190000,131.79,CONVENTIONAL,0.75284,186744159.6,186744.16,367,Rural,Denkanikottai,347474,15901.86981,1325.155818,662.577909,1192.6402362,1325.155818
Krishnagiri,1880000,248.19,248190000,131.79,CONVENTIONAL,0.75284,186744159.6,186744.16,367,Rural,Pochampalli,182310,8343.271396,695.2726163,347.63630815,625.74535467,695.2726163
Krishnagiri,1880000,248.19,248190000,131.79,CONVENTIONAL,0.75284,186744159.6,186744.16,367,Rural,Uthangarai,213291,9761.092093,813.4243411,406.71217055,732.08190699,813.4243411
Madurai,3038000,402.43,402430000,132.63,CONVENTIONAL,0.75284,303023924.8,303023.92,819,Suburban,Melur,291398,13335.5965,1111.299708,555.649854,1000.1697372,1111.299708
Madurai,3038000,402.43,402430000,132.63,CONVENTIONAL,0.75284,303023924.8,303023.92,819,Suburban,Madurai North,494430,22627.19366,1885.599472,942.799736,1697.0395248000002,1885.599472
Madurai,3038000,402.43,402430000,132.63,CONVENTIONAL,0.75284,303023924.8,303023.92,819,Suburban,Vadipatti,234533,10733.21524,894.4346033,447.21730165,804.99114297,894.4346033
Madurai,3038000,402.43,402430000,132.63,CONVENTIONAL,0.75284,303023924.8,303023.92,819,Suburban,Usilampatti ,195756,8958.616837,746.5514031,373.27570155,671.89626279,746.5514031
Madurai,3038000,402.43,402430000,132.63,CONVENTIONAL,0.75284,303023924.8,303023.92,819,Suburban,Peraiyur ,200510,9176.179846,764.6816538,382.3408269,688.2134884200001,764.6816538
Madurai,3038000,402.43,402430000,132.63,CONVENTIONAL,0.75284,303023924.8,303023.92,819,Suburban,Thirumangalam,229645,10509.51983,875.7933192,437.8966596,788.2139872800001,875.7933192
Madurai,3038000,402.43,402430000,132.63,CONVENTIONAL,0.75284,303023924.8,303023.92,819,Suburban,Madurai South,1391980,63702.85184,5308.570987,2654.2854935,4777.7138883,5308.570987
Mayiladuthurai,85632,11.34,11340000,132.36,CONVENTIONAL,0.75284,8535178.56,8535.18,72,Rural,Mayialduthurai,259634,11881.94244,990.16187,495.080935,891.1456830000001,990.16187
Mayiladuthurai,85632,11.34,11340000,132.36,CONVENTIONAL,0.75284,8535178.56,8535.18,72,Rural,Kuthalam,131948,6038.49473,503.2078942,251.6039471,452.88710478,503.2078942
Mayiladuthurai,85632,11.34,11340000,132.36,CONVENTIONAL,0.75284,8535178.56,8535.18,72,Rural,Sirkali,319715,14631.50137,1219.291781,609.6458905,1097.3626029,1219.291781
Mayiladuthurai,85632,11.34,11340000,132.36,CONVENTIONAL,0.75284,8535178.56,8535.18,72,Rural,Tharangambadi,207059,9475.889595,789.6574663,394.82873315,710.69171967,789.6574663
Nagapattinam,1616000,212.64,212640000,131.79,CONVENTIONAL,0.75284,159999177.6,159999.18,629,Suburban,Nagapattinam,282784,12941.38368,1078.44864,539.22432,970.603776,1078.44864
Nagapattinam,1616000,212.64,212640000,131.79,CONVENTIONAL,0.75284,159999177.6,159999.18,629,Suburban,Kilvelur,138474,6337.151903,528.0959919,264.04799595,475.28639271,528.0959919
Nagapattinam,1616000,212.64,212640000,131.79,CONVENTIONAL,0.75284,159999177.6,159999.18,629,Suburban,Thirukkuvalai,60771,2781.13623,231.7613525,115.88067625,208.58521725,231.7613525
Nagapattinam,1616000,212.64,212640000,131.79,CONVENTIONAL,0.75284,159999177.6,159999.18,629,Suburban,Vedaranyam,216065,9888.041985,824.0034988,412.0017494,741.60314892,824.0034988
Namakkal,1727000,226.8,226800000,131.62,CONVENTIONAL,0.75284,170681520.0,170681.52,505,Suburban,Tiruchengode ,631507,28900.41298,2408.367748,1204.183874,2167.5309732,2408.367748
Namakkal,1727000,226.8,226800000,131.62,CONVENTIONAL,0.75284,170681520.0,170681.52,505,Suburban,Rasipuram ,340515,15583.39674,1298.616395,649.3081975,1168.7547555,1298.616395
Namakkal,1727000,226.8,226800000,131.62,CONVENTIONAL,0.75284,170681520.0,170681.52,505,Suburban,Namakkal ,541488,24780.76541,2065.063784,1032.531892,1858.5574056,2065.063784
Namakkal,1727000,226.8,226800000,131.62,CONVENTIONAL,0.75284,170681520.0,170681.52,505,Suburban,Paramathi-velur ,213091,9751.939253,812.6616044,406.3308022,731.39544396,812.6616044
Perambalur,565000,74.47,74470000,131.65,CONVENTIONAL,0.75284,56069315.6,56069.32,322,Rural,Veppanthattai,148743,6807.104478,567.2587065,283.62935325,510.53283585,567.2587065
Perambalur,565000,74.47,74470000,131.65,CONVENTIONAL,0.75284,56069315.6,56069.32,322,Rural,Perambalur,162356,7430.092539,619.1743783,309.58718915,557.25694047,619.1743783
Perambalur,565000,74.47,74470000,131.65,CONVENTIONAL,0.75284,56069315.6,56069.32,322,Rural,Kunnam ,254124,11629.78169,969.1484742,484.5742371,872.23362678,969.1484742
Pudukottai,1618000,212.77,212770000,131.88,CONVENTIONAL,0.75284,160096290.8,160096.29,348,Rural,Iluppur,219491,10044.83014,837.0691783,418.53458915,753.36226047,837.0691783
Pudukottai,1618000,212.77,212770000,131.88,CONVENTIONAL,0.75284,160096290.8,160096.29,348,Rural,Kulathur,162524,7437.780925,619.8150771,309.90753855,557.8335693900001,619.8150771
Pudukottai,1618000,212.77,212770000,131.88,CONVENTIONAL,0.75284,160096290.8,160096.29,348,Rural,Gandarvakkottai ,89982,4117.954291,343.1628576,171.5814288,308.84657184,343.1628576
Pudukottai,1618000,212.77,212770000,131.88,CONVENTIONAL,0.75284,160096290.8,160096.29,348,Rural,Pudukkottai ,228282,10447.14322,870.5952683,435.29763415,783.5357414700001,870.5952683
Pudukottai,1618000,212.77,212770000,131.88,CONVENTIONAL,0.75284,160096290.8,160096.29,348,Rural,Thirumayam,158860,7270.100894,605.8417412,302.9208706,545.2575670800001,605.8417412
Pudukottai,1618000,212.77,212770000,131.88,CONVENTIONAL,0.75284,160096290.8,160096.29,348,Rural,Ponnamaravathi ,108479,4964.454708,413.704559,206.8522795,372.33410310000005,413.704559
Pudukottai,1618000,212.77,212770000,131.88,CONVENTIONAL,0.75284,160096290.8,160096.29,348,Rural,Alangudi,170419,7799.089288,649.9241073,324.96205365,584.93169657,649.9241073
Pudukottai,1618000,212.77,212770000,131.88,CONVENTIONAL,0.75284,160096290.8,160096.29,348,Rural,Karambakudi ,110604,5061.703634,421.8086362,210.9043181,379.62777258000006,421.8086362
Pudukottai,1618000,212.77,212770000,131.88,CONVENTIONAL,0.75284,160096290.8,160096.29,348,Rural,Aranthangi,195782,8959.806706,746.6505588,373.3252794,671.98550292,746.6505588
Pudukottai,1618000,212.77,212770000,131.88,CONVENTIONAL,0.75284,160096290.8,160096.29,348,Rural,Manamelkudi ,86672,3966.474787,330.5395656,165.2697828,297.48560904,330.5395656
Pudukottai,1618000,212.77,212770000,131.88,CONVENTIONAL,0.75284,160096290.8,160096.29,348,Rural,Avudayarkoil,87250,3992.926495,332.7438746,166.3719373,299.46948714,332.7438746
Ranipet,1210000,159.28,159280000,131.85,CONVENTIONAL,0.75284,119907872.0,119907.87,562,Suburban,Arcot,250517,11464.71022,955.3925183,477.69625915,859.85326647,955.3925183
Ranipet,1210000,159.28,159280000,131.85,CONVENTIONAL,0.75284,119907872.0,119907.87,562,Suburban,Wallajah,444758,20353.99429,1696.166191,848.0830955,1526.5495719,1696.166191
Ranipet,1210000,159.28,159280000,131.85,CONVENTIONAL,0.75284,119907872.0,119907.87,562,Suburban,Arakonam,504026,23066.34693,1922.195578,961.097789,1729.9760202,1922.195578
Ramanathapuram,1353000,177.88,177880000,131.97,CONVENTIONAL,0.75284,133884694.4,133884.69,330,Rural,Tiruvadanai,212029,9703.337672,808.6114727,404.30573635,727.7503254300001,808.6114727
Ramanathapuram,1353000,177.88,177880000,131.97,CONVENTIONAL,0.75284,133884694.4,133884.69,330,Rural,Paramakudi,265142,12134.01165,1011.167638,505.583819,910.0508742000001,1011.167638
Ramanathapuram,1353000,177.88,177880000,131.97,CONVENTIONAL,0.75284,133884694.4,133884.69,330,Rural,Mudukulathur,113432,5191.124793,432.5937328,216.2968664,389.33435952,432.5937328
Ramanathapuram,1353000,177.88,177880000,131.97,CONVENTIONAL,0.75284,133884694.4,133884.69,330,Rural,Kamuthi,135658,6208.279914,517.3566595,258.67832975,465.62099355,517.3566595
Ramanathapuram,1353000,177.88,177880000,131.97,CONVENTIONAL,0.75284,133884694.4,133884.69,330,Rural,Kadaladi,145277,6648.485759,554.0404799,277.02023995,498.63643191000006,554.0404799
Ramanathapuram,1353000,177.88,177880000,131.97,CONVENTIONAL,0.75284,133884694.4,133884.69,330,Rural,Ramanathapuram,399232,18270.5333,1522.544442,761.272221,1370.2899978,1522.544442
Ramanathapuram,1353000,177.88,177880000,131.97,CONVENTIONAL,0.75284,133884694.4,133884.69,330,Rural,Rameswaram,82675,3783.555278,315.2962732,157.6481366,283.76664588,315.2962732
Salem,3482000,460.2,460200000,132.0,CONVENTIONAL,0.75284,346306368.0,346306.37,665,Suburban,Mettur,419887,19215.79286,1601.316072,800.658036,1441.1844648000001,1601.316072
Salem,3482000,460.2,460200000,132.0,CONVENTIONAL,0.75284,346306368.0,346306.37,665,Suburban,Omalur,494355,22623.76135,1885.313446,942.656723,1696.7821014,1885.313446
Salem,3482000,460.2,460200000,132.0,CONVENTIONAL,0.75284,346306368.0,346306.37,665,Suburban,Edappadi,223756,10240.01445,853.3345375,426.66726875,768.00108375,853.3345375
Salem,3482000,460.2,460200000,132.0,CONVENTIONAL,0.75284,346306368.0,346306.37,665,Suburban,Sankari,241783,11065.00569,922.0838075,461.04190375,829.8754267500001,922.0838075
Salem,3482000,460.2,460200000,132.0,CONVENTIONAL,0.75284,346306368.0,346306.37,665,Suburban,Salem,1272743,58246.06586,4853.838822,2426.919411,4368.4549398,4853.838822
Salem,3482000,460.2,460200000,132.0,CONVENTIONAL,0.75284,346306368.0,346306.37,665,Suburban,Yercaud,41869,1916.101311,159.6751093,79.83755465,143.70759837,159.6751093
Salem,3482000,460.2,460200000,132.0,CONVENTIONAL,0.75284,346306368.0,346306.37,665,Suburban,Vazhapadi,195412,8942.873952,745.239496,372.619748,670.7155464,745.239496
Salem,3482000,460.2,460200000,132.0,CONVENTIONAL,0.75284,346306368.0,346306.37,665,Suburban,Attur,430949,19722.03645,1643.503038,821.751519,1479.1527342000002,1643.503038
Salem,3482000,460.2,460200000,132.0,CONVENTIONAL,0.75284,346306368.0,346306.37,665,Suburban,Gangavalli,161302,7381.857072,615.154756,307.577378,553.6392804000001,615.154756
Sivagangai,1339000,176.13,176130000,131.89,CONVENTIONAL,0.75284,132489786.2,132489.79,316,Rural,Tirupathur,275779,12620.80545,1051.733788,525.866894,946.5604092,1051.733788
Sivagangai,1339000,176.13,176130000,131.89,CONVENTIONAL,0.75284,132489786.2,132489.79,316,Rural,Karaikkudi,300527,13753.37789,1146.114824,573.057412,1031.5033416,1146.114824
Sivagangai,1339000,176.13,176130000,131.89,CONVENTIONAL,0.75284,132489786.2,132489.79,316,Rural,Devakottai,157631,7213.856692,601.1547243,300.57736215,541.03925187,601.1547243
Sivagangai,1339000,176.13,176130000,131.89,CONVENTIONAL,0.75284,132489786.2,132489.79,316,Rural,Sivagangai,288674,13210.93482,1100.911235,550.4556175,990.8201115,1100.911235
Sivagangai,1339000,176.13,176130000,131.89,CONVENTIONAL,0.75284,132489786.2,132489.79,316,Rural,Manamadurai,207223,9483.394924,790.2829103,395.14145515,711.25461927,790.2829103
Sivagangai,1339000,176.13,176130000,131.89,CONVENTIONAL,0.75284,132489786.2,132489.79,316,Rural,Ilayangudi,109267,5000.516898,416.7097415,208.35487075,375.03876735,416.7097415
Tenkasi,1408000,185.43,185430000,131.97,CONVENTIONAL,0.75284,139582812.2,139582.81,483,Rural,Tenkasi,399946,18303.20894,1525.267412,762.633706,1372.7406707999999,1525.267412
Tenkasi,1408000,185.43,185430000,131.97,CONVENTIONAL,0.75284,139582812.2,139582.81,483,Rural,Sankarankoil,350144,16024.06023,1335.338353,667.6691765,1201.8045177000001,1335.338353
Tenkasi,1408000,185.43,185430000,131.97,CONVENTIONAL,0.75284,139582812.2,139582.81,483,Rural,Shencottai,141416,6471.79018,539.3158483,269.65792415,485.38426347,539.3158483
Tenkasi,1408000,185.43,185430000,131.97,CONVENTIONAL,0.75284,139582812.2,139582.81,483,Rural,Veerakeralampudur,123137,5635.266359,469.6055299,234.80276495,422.64497691,469.6055299
Tenkasi,1408000,185.43,185430000,131.97,CONVENTIONAL,0.75284,139582812.2,139582.81,483,Rural,Alangulam,176138,8060.814751,671.7345626,335.8672813,604.56110634,671.7345626
Tenkasi,1408000,185.43,185430000,131.97,CONVENTIONAL,0.75284,139582812.2,139582.81,483,Rural,Sivagiri,194156,8885.394116,740.4495097,370.22475485,666.4045587300001,740.4495097
Thanjavur,2406000,316.72,316720000,131.93,CONVENTIONAL,0.75284,238323328.8,238323.33,705,Suburban,Thiruvidaimarudur,231151,10578.44071,881.5367258,440.7683629,793.38305322,881.5367258
Thanjavur,2406000,316.72,316720000,131.93,CONVENTIONAL,0.75284,238323328.8,238323.33,705,Suburban,Kumbakonam,436592,19980.28383,1665.023653,832.5118265,1498.5212877,1665.023653
Thanjavur,2406000,316.72,316720000,131.93,CONVENTIONAL,0.75284,238323328.8,238323.33,705,Suburban,Papanasam,273511,12517.01225,1043.084354,521.542177,938.7759186000001,1043.084354
Thanjavur,2406000,316.72,316720000,131.93,CONVENTIONAL,0.75284,238323328.8,238323.33,705,Suburban,Thiruvaiyaru,185803,8503.125749,708.5938124,354.2969062,637.7344311600001,708.5938124
Thanjavur,2406000,316.72,316720000,131.93,CONVENTIONAL,0.75284,238323328.8,238323.33,705,Suburban,Thanjavur,511865,23425.0925,1952.091042,976.045521,1756.8819378,1952.091042
Thanjavur,2406000,316.72,316720000,131.93,CONVENTIONAL,0.75284,238323328.8,238323.33,705,Suburban,Orathanadu,246871,11297.85395,941.4878292,470.7439146,847.3390462799999,941.4878292
Thanjavur,2406000,316.72,316720000,131.93,CONVENTIONAL,0.75284,238323328.8,238323.33,705,Suburban,Pattukkottai,396236,18133.42376,1511.118647,755.5593235,1360.0067823,1511.118647
Thanjavur,2406000,316.72,316720000,131.93,CONVENTIONAL,0.75284,238323328.8,238323.33,705,Suburban,Peravurani,123861,5668.39964,472.3666367,236.18331835,425.12997303000003,472.3666367
Nilgiris,735000,96.91,96910000,131.46,CONVENTIONAL,0.75284,72916923.6,72916.92,297,Rural,Panthalur,125931,5763.131535,480.2609613,240.13048065,432.23486517000003,480.2609613
Nilgiris,735000,96.91,96910000,131.46,CONVENTIONAL,0.75284,72916923.6,72916.92,297,Rural,Gudalur,104768,4794.62376,399.55198,199.77599,359.596782,399.55198
Nilgiris,735000,96.91,96910000,131.46,CONVENTIONAL,0.75284,72916923.6,72916.92,297,Rural,Udhagamandalam,191960,8784.895931,732.0746609,366.03733045,658.86719481,732.0746609
Nilgiris,735000,96.91,96910000,131.46,CONVENTIONAL,0.75284,72916923.6,72916.92,297,Rural,Kotagiri,108684,4973.836369,414.4863641,207.24318205,373.03772769,414.4863641
Nilgiris,735000,96.91,96910000,131.46,CONVENTIONAL,0.75284,72916923.6,72916.92,297,Rural,Coonoor,157744,7219.028046,601.5856705,300.79283525,541.42710345,601.5856705
Nilgiris,735000,96.91,96910000,131.46,CONVENTIONAL,0.75284,72916923.6,72916.92,297,Rural,Kundah,46307,2119.202833,176.6002361,88.30011805,158.94021249,176.6002361
Theni,1246000,163.96,163960000,131.88,CONVENTIONAL,0.75284,123393942.4,123393.94,434,Rural,Bodinayakanur,180789,8273.664047,689.4720039,344.73600195,620.52480351,689.4720039
Theni,1246000,163.96,163960000,131.88,CONVENTIONAL,0.75284,123393942.4,123393.94,434,Rural,Periyakulam,217358,9947.215096,828.9345913,414.46729565,746.04113217,828.9345913
Theni,1246000,163.96,163960000,131.88,CONVENTIONAL,0.75284,123393942.4,123393.94,434,Rural,Theni,199983,9152.062112,762.6718427,381.33592135,686.4046584299999,762.6718427
Theni,1246000,163.96,163960000,131.88,CONVENTIONAL,0.75284,123393942.4,123393.94,434,Rural,Uthamapalayam,435069,19910.58496,1659.215413,829.6077065,1493.2938717,1659.215413
Theni,1246000,163.96,163960000,131.88,CONVENTIONAL,0.75284,123393942.4,123393.94,434,Rural,Andipatti,212700,9734.04545,811.1704542,405.5852271,730.05340878,811.1704542
Tiruvallur,3728000,492.07,492070000,132.5,CONVENTIONAL,0.75284,370274746.8,370274.75,1098,Urban,Gummidipoondi,190541,8719.956531,726.6630443,363.33152215,653.99673987,726.6630443
Tiruvallur,3728000,492.07,492070000,132.5,CONVENTIONAL,0.75284,370274746.8,370274.75,1098,Urban,Ponneri,389862,17841.72274,1486.810228,743.405114,1338.1292052000001,1486.810228
Tiruvallur,3728000,492.07,492070000,132.5,CONVENTIONAL,0.75284,370274746.8,370274.75,1098,Urban,Uthukkottai,152631,6985.035689,582.0863074,291.0431537,523.87767666,582.0863074
Tiruvallur,3728000,492.07,492070000,132.5,CONVENTIONAL,0.75284,370274746.8,370274.75,1098,Urban,Tiruttani,211291,9669.563692,805.7969743,402.89848715,725.21727687,805.7969743
Tiruvallur,3728000,492.07,492070000,132.5,CONVENTIONAL,0.75284,370274746.8,370274.75,1098,Urban,Pallipattu,214073,9796.879697,816.4066414,408.2033207,734.76597726,816.4066414
Tiruvallur,3728000,492.07,492070000,132.5,CONVENTIONAL,0.75284,370274746.8,370274.75,1098,Urban,Thiruvallur,407048,18628.22629,1552.352191,776.1760955,1397.1169719,1552.352191
Tiruvallur,3728000,492.07,492070000,132.5,CONVENTIONAL,0.75284,370274746.8,370274.75,1098,Urban,Poonamallee,659922,30200.80273,2516.733561,1258.3667805,2265.0602049,2516.733561
Tiruvallur,3728000,492.07,492070000,132.5,CONVENTIONAL,0.75284,370274746.8,370274.75,1098,Urban,Ambattur,906580,41488.90891,3457.409076,1728.704538,3111.6681684,3457.409076
Tiruvallur,3728000,492.07,492070000,132.5,CONVENTIONAL,0.75284,370274746.8,370274.75,1098,Urban,Mathavaram,596156,27282.60272,2273.550227,1136.7751135,2046.1952043000001,2273.550227
Thiruvarur,1264000,212.38,212380000,167.46,CONVENTIONAL,0.75284,159776919.2,159776.92,556,Suburban,Valangaiman,100645,4605.937961,383.8281634,191.9140817,345.44534706,383.8281634
Thiruvarur,1264000,212.38,212380000,167.46,CONVENTIONAL,0.75284,159776919.2,159776.92,556,Suburban,Kodavasal,203157,9297.317685,774.7764738,387.3882369,697.29882642,774.7764738
Thiruvarur,1264000,212.38,212380000,167.46,CONVENTIONAL,0.75284,159776919.2,159776.92,556,Suburban,Nannilam,137964,6313.81216,526.1510133,263.07550665,473.53591197000003,526.1510133
Thiruvarur,1264000,212.38,212380000,167.46,CONVENTIONAL,0.75284,159776919.2,159776.92,556,Suburban,Thiruvarur,151696,6942.246162,578.5205135,289.26025675,520.66846215,578.5205135
Thiruvarur,1264000,212.38,212380000,167.46,CONVENTIONAL,0.75284,159776919.2,159776.92,556,Suburban,Needamangalam,147440,6747.473724,562.289477,281.1447385,506.06052930000004,562.289477
Thiruvarur,1264000,212.38,212380000,167.46,CONVENTIONAL,0.75284,159776919.2,159776.92,556,Suburban,Mannargudi,308380,14112.76416,1176.06368,588.03184,1058.457312,1176.06368
Thiruvarur,1264000,212.38,212380000,167.46,CONVENTIONAL,0.75284,159776919.2,159776.92,556,Suburban,Thiruthuraipoondi,214995,9839.07429,819.9228575,409.96142875,737.93057175,819.9228575
Tiruchirappalli,2722000,359.33,359330000,132.08,CONVENTIONAL,0.75284,270384481.2,270384.48,604,Suburban,Thottiyam,135120,6183.658774,515.3048978,257.6524489,463.77440802000007,515.3048978
Tiruchirappalli,2722000,359.33,359330000,132.08,CONVENTIONAL,0.75284,270384481.2,270384.48,604,Suburban,Musiri,231655,10601.50587,883.4588225,441.72941125,795.1129402500001,883.4588225
Tiruchirappalli,2722000,359.33,359330000,132.08,CONVENTIONAL,0.75284,270384481.2,270384.48,604,Suburban,Thuraiyur,249327,11410.25082,950.854235,475.4271175,855.7688115000001,950.854235
Tiruchirappalli,2722000,359.33,359330000,132.08,CONVENTIONAL,0.75284,270384481.2,270384.48,604,Suburban,Manachanallur,192869,8826.49559,735.5412992,367.7706496,661.98716928,735.5412992
Tiruchirappalli,2722000,359.33,359330000,132.08,CONVENTIONAL,0.75284,270384481.2,270384.48,604,Suburban,Lalgudi,254865,11663.69296,971.9744133,485.98720665,874.7769719700001,971.9744133
Tiruchirappalli,2722000,359.33,359330000,132.08,CONVENTIONAL,0.75284,270384481.2,270384.48,604,Suburban,Srirangam,207494,9495.797022,791.3164185,395.65820925,712.1847766500001,791.3164185
Tiruchirappalli,2722000,359.33,359330000,132.08,CONVENTIONAL,0.75284,270384481.2,270384.48,604,Suburban,Tiruchirappalli,850073,38902.91123,3241.909269,1620.9546345,2917.7183421000004,3241.909269
Tiruchirappalli,2722000,359.33,359330000,132.08,CONVENTIONAL,0.75284,270384481.2,270384.48,604,Suburban,Thiruverumbur,225517,10320.60521,860.0504342,430.0252171,774.04539078,860.0504342
Tiruchirappalli,2722000,359.33,359330000,132.08,CONVENTIONAL,0.75284,270384481.2,270384.48,604,Suburban,Manapparai,375370,17178.50795,1431.542329,715.7711645,1288.3880961000002,1431.542329
Tirunelveli,1665000,218.93,218930000,131.88,CONVENTIONAL,0.75284,164779299.2,164779.3,433,Rural,Tirunelveli ,642835,29418.82984,2451.569153,1225.7845765,2206.4122377,2451.569153
Tirunelveli,1665000,218.93,218930000,131.88,CONVENTIONAL,0.75284,164779299.2,164779.3,433,Rural,Palayamkottai,91176,4172.596746,347.7163955,173.85819775,312.94475595,347.7163955
Tirunelveli,1665000,218.93,218930000,131.88,CONVENTIONAL,0.75284,164779299.2,164779.3,433,Rural,Ambasamudram,428031,19588.49651,1632.374709,816.1873545,1469.1372380999999,1632.374709
Tirunelveli,1665000,218.93,218930000,131.88,CONVENTIONAL,0.75284,164779299.2,164779.3,433,Rural,Nanguneri,225602,10324.49517,860.3745975,430.18729875,774.33713775,860.3745975
Tirunelveli,1665000,218.93,218930000,131.88,CONVENTIONAL,0.75284,164779299.2,164779.3,433,Rural,Radhapuram,304652,13942.15522,1161.846268,580.923134,1045.6616412,1161.846268
Tiruppur,2479000,327.22,327220000,132.0,CONVENTIONAL,0.75284,246290744.8,246290.74,478,Rural,Kangeyam,209385,9582.337125,798.5280938,399.2640469,718.67528442,798.5280938
Tiruppur,2479000,327.22,327220000,132.0,CONVENTIONAL,0.75284,246290744.8,246290.74,478,Rural,Dharapuram,282752,12939.91922,1078.326602,539.163301,970.4939418000001,1078.326602
Tiruppur,2479000,327.22,327220000,132.0,CONVENTIONAL,0.75284,246290744.8,246290.74,478,Rural,Avanashi,340899,15600.97019,1300.080849,650.0404245,1170.0727641,1300.080849
Tiruppur,2479000,327.22,327220000,132.0,CONVENTIONAL,0.75284,246290744.8,246290.74,478,Rural,Tiruppur,981247,44905.98447,3742.165373,1871.0826865,3367.9488357,3742.165373
Tiruppur,2479000,327.22,327220000,132.0,CONVENTIONAL,0.75284,246290744.8,246290.74,478,Rural,Palladam,245522,11236.11804,936.34317,468.171585,842.708853,936.34317
Tiruppur,2479000,327.22,327220000,132.0,CONVENTIONAL,0.75284,246290744.8,246290.74,478,Rural,Udumalaipettai,237861,10885.5185,907.1265417,453.56327085,816.41388753,907.1265417
Tiruppur,2479000,327.22,327220000,132.0,CONVENTIONAL,0.75284,246290744.8,246290.74,478,Rural,Madathukulam,181386,8300.985275,691.7487729,345.87438645,622.57389561,691.7487729
Tirupathur,1112000,146.71,146710000,131.89,CONVENTIONAL,0.75284,110410576.4,110410.58,620,Suburban,Tirupattur,561708,25706.11754,2142.176462,1071.088231,1927.9588158,2142.176462
Tirupathur,1112000,146.71,146710000,131.89,CONVENTIONAL,0.75284,110410576.4,110410.58,620,Suburban,Vaniyambadi,336548,15401.85016,1283.487513,641.7437565,1155.1387617,1283.487513
Tirupathur,1112000,146.71,146710000,131.89,CONVENTIONAL,0.75284,110410576.4,110410.58,620,Suburban,Ambur,326211,14928.78562,1244.065468,622.032734,1119.6589212000001,1244.065468
Tiruvannamalai,2465000,275.38,275380000,111.93,CONVENTIONAL,0.75284,207280039.2,207280.04,398,Rural,Arani,294976,13499.34081,1124.945068,562.472534,1012.4505612,1124.945068
Tiruvannamalai,2465000,275.38,275380000,111.93,CONVENTIONAL,0.75284,207280039.2,207280.04,398,Rural,Cheyyar,338612,15496.30747,1291.358956,645.679478,1162.2230604000001,1291.358956
Tiruvannamalai,2465000,275.38,275380000,111.93,CONVENTIONAL,0.75284,207280039.2,207280.04,398,Rural,Vandavasi,336121,15382.30884,1281.85907,640.929535,1153.673163,1281.85907
Tiruvannamalai,2465000,275.38,275380000,111.93,CONVENTIONAL,0.75284,207280039.2,207280.04,398,Rural,Polur,449860,20587.48324,1715.623603,857.8118015,1544.0612427,1715.623603
Tiruvannamalai,2465000,275.38,275380000,111.93,CONVENTIONAL,0.75284,207280039.2,207280.04,398,Rural,Chengam,283917,12993.23452,1082.769543,541.3847715,974.4925887000002,1082.769543
Tiruvannamalai,2465000,275.38,275380000,111.93,CONVENTIONAL,0.75284,207280039.2,207280.04,398,Rural,Thandrampet,179553,8217.099496,684.7582913,342.37914565,616.28246217,684.7582913
Tiruvannamalai,2465000,275.38,275380000,111.93,CONVENTIONAL,0.75284,207280039.2,207280.04,398,Rural,Tiruvannamalai,581836,26627.25937,2218.938281,1109.4691405,1997.0444529000001,2218.938281
Vellore,1614000,212.38,212380000,131.8,CONVENTIONAL,0.75284,159776919.2,159776.92,776,Suburban,Vellore,696110,31856.91762,2654.743135,1327.3715675,2389.2688215000003,2654.743135
Vellore,1614000,212.38,212380000,131.8,CONVENTIONAL,0.75284,159776919.2,159776.92,776,Suburban,Gudiyatham,425353,19465.93998,1622.161665,811.0808325,1459.9454985000002,1622.161665
Vellore,1614000,212.38,212380000,131.8,CONVENTIONAL,0.75284,159776919.2,159776.92,776,Suburban,Katpadi,391100,17898.37882,1491.531568,745.765784,1342.3784112,1491.531568
Viluppuram,2093003,276.73,276730000,131.78,CONVENTIONAL,0.75284,208169997.6,208170.0,562,Suburban,Gingee,423942,19401.3667,1616.780558,808.390279,1455.1025022,1616.780558
Viluppuram,2093003,276.73,276730000,131.78,CONVENTIONAL,0.75284,208169997.6,208170.0,562,Suburban,Tindivanam,446682,20442.04462,1703.503718,851.751859,1533.1533462,1703.503718
Viluppuram,2093003,276.73,276730000,131.78,CONVENTIONAL,0.75284,208169997.6,208170.0,562,Suburban,Vanur,196422,8989.095794,749.0913162,374.5456581,674.18218458,749.0913162
Viluppuram,2093003,276.73,276730000,131.78,CONVENTIONAL,0.75284,208169997.6,208170.0,562,Suburban,Viluppuram,697569,31923.68759,2660.307299,1330.1536495,2394.2765691,2660.307299
Virudhunagar,1942000,255.27,255270000,131.5,CONVENTIONAL,0.75284,192008482.8,192008.48,458,Rural,Rajapalayam,347668,15910.74807,1325.895673,662.9478365,1193.3061057,1325.895673
Virudhunagar,1942000,255.27,255270000,131.5,CONVENTIONAL,0.75284,192008482.8,192008.48,458,Rural,Srivilliputhur,293209,13418.47547,1118.206289,559.1031445,1006.3856601,1118.206289
Virudhunagar,1942000,255.27,255270000,131.5,CONVENTIONAL,0.75284,192008482.8,192008.48,458,Rural,Sivakasi,426753,19530.00986,1627.500822,813.750411,1464.7507398,1627.500822
Virudhunagar,1942000,255.27,255270000,131.5,CONVENTIONAL,0.75284,192008482.8,192008.48,458,Rural,Virudhunagar,251097,11491.25346,957.604455,478.8022275,861.8440095000001,957.604455
Virudhunagar,1942000,255.27,255270000,131.5,CONVENTIONAL,0.75284,192008482.8,192008.48,458,Rural,Kariapatti,105428,4824.828132,402.069011,201.0345055,361.8621099,402.069011
Virudhunagar,1942000,255.27,255270000,131.5,CONVENTIONAL,0.75284,192008482.8,192008.48,458,Rural,Tiruchuli,103290,4726.984271,393.9153559,196.95767795,354.52382031,393.9153559
Virudhunagar,1942000,255.27,255270000,131.5,CONVENTIONAL,0.75284,192008482.8,192008.48,458,Rural,Aruppukkottai,246236,11268.79368,939.06614,469.53307,845.159526,939.06614
Virudhunagar,1942000,255.27,255270000,131.5,CONVENTIONAL,0.75284,192008482.8,192008.48,458,Rural,Sattur,168607,7716.164557,643.0137131,321.50685655,578.71234179,643.0137131
Thoothukudi,1750000,230.46,230460000,131.71,CONVENTIONAL,0.75284,173445276.0,173445.28,369,Rural,Kovilpatti,321323,14705.0902,1225.424183,612.7120915,1102.8817647,1225.424183
Thoothukudi,1750000,230.46,230460000,131.71,CONVENTIONAL,0.75284,173445276.0,173445.28,369,Rural,Ettayapuram,74991,3431.903161,285.9919301,142.99596505,257.39273709,285.9919301
Thoothukudi,1750000,230.46,230460000,131.71,CONVENTIONAL,0.75284,173445276.0,173445.28,369,Rural,Vilathikulam,139581,6387.812872,532.3177393,266.15886965,479.08596537,532.3177393
Thoothukudi,1750000,230.46,230460000,131.71,CONVENTIONAL,0.75284,173445276.0,173445.28,369,Rural,Ottapidaram,123356,5645.288719,470.4407266,235.2203633,423.39665394,470.4407266
Thoothukudi,1750000,230.46,230460000,131.71,CONVENTIONAL,0.75284,173445276.0,173445.28,369,Rural,Thoothukkudi,478328,21890.29851,1824.191543,912.0957715,1641.7723887,1824.191543
Thoothukudi,1750000,230.46,230460000,131.71,CONVENTIONAL,0.75284,173445276.0,173445.28,369,Rural,Srivaikuntam,202962,9288.393666,774.0328055,387.01640275,696.62952495,774.0328055
Thoothukudi,1750000,230.46,230460000,131.71,CONVENTIONAL,0.75284,173445276.0,173445.28,369,Rural,Tiruchendur,310945,14230.14933,1185.845778,592.922889,1067.2612002,1185.845778
Thoothukudi,1750000,230.46,230460000,131.71,CONVENTIONAL,0.75284,173445276.0,173445.28,369,Rural,Sathankulam,98690,4516.468949,376.3724124,188.1862062,338.73517116,376.3724124
